Abbreviation, Number, Title, Attributes, Pre-Requisites / Potential Sequences, Co-Requisites, LcTime, LcDate, LcLocation, LaTime, LaDate, LaLocation
MATH, 131, Calculus 1A Infused with Precalculus, none, none, none, 0800-0850, MWF, HSS, none, none, none
MATH, 131, Calculus 1A Infused with Precalculus, none, none, none, 1610-1700, MWF, HSS, none, none, none
MATH, 131, Calculus 1A Infused with Precalculus, none, none, none, 1500-1550, MWF, HSS, none, none, none
MATH, 131, Calculus 1A Infused with Precalculus, none, none, none, 1350-1440, MWF, HPR, none, none, none
MATH, 131, Calculus 1A Infused with Precalculus, none, none, none, 1350-1440, MWF, HSS, none, none, none
MATH, 131, Calculus 1A Infused with Precalculus, none, none, none, 1240-1330, MWF, HSS, none, none, none
MATH, 131, Calculus 1A Infused with Precalculus, none, none, none, 1130-1220, MWF, HSS, none, none, none
MATH, 131, Calculus 1A Infused with Precalculus, none, none, none, 1020-1110, MWF, HSS, none, none, none
MATH, 131, Calculus 1A Infused with Precalculus, none, none, none, 0910-1000, MWF, HSS, none, none, none
//MATH, 132, Calculus 1B Infused with Precalculus, QR, MATH 131, none, 1500-1550, MWF, HSS, none, none, none


