Abbreviation,Number,Title,Hours,Attributes,Pre-Requisites/PotentialSequences,Co-Requisites,LcTime,LcDate,LcLocation,LaTime,LaDate,LaLocation
MATH,131,Calculus 1A Infused with Precalculus,3,none,none,none,0800-0850,MWF,HSS,none,none,none
MATH,131,Calculus 1A Infused with Precalculus,3,none,none,none,1610-1700,MWF,HSS,none,none,none
MATH,131,Calculus 1A Infused with Precalculus,3,none,none,none,1500-1550,MWF,HSS,none,none,none
MATH,131,Calculus 1A Infused with Precalculus,3,none,none,none,1350-1440,MWF,HPR,none,none,none
MATH,131,Calculus 1A Infused with Precalculus,3,none,none,none,1350-1440,MWF,HSS,none,none,none
MATH,131,Calculus 1A Infused with Precalculus,3,none,none,none,1240-1330,MWF,HSS,none,none,none
MATH,131,Calculus 1A Infused with Precalculus,3,none,none,none,1130-1220,MWF,HSS,none,none,none
MATH,131,Calculus 1A Infused with Precalculus,3,none,none,none,1020-1110,MWF,HSS,none,none,none
MATH,131,Calculus 1A Infused with Precalculus,3,none,none,none,0910-1000,MWF,HSS,none,none,none
MATH,132,Calculus 1B Infused with Precalculus,3,QR,MATH 131,none,1500-1550,MWF,HBB,none,none,none
MATH,132,Calculus 1B Infused with Precalculus,3,QR,MATH 131,none,1240-1330,MWF,HPR,none,none,none
MATH,132,Calculus 1B Infused with Precalculus,3,QR,MATH 131,none,1130-1220,MWF,HBB,none,none,none
MATH,141,Calculus I,4,QR,MATH 130,none,0800-0850,MWF,HSS,0810-0925,R,HSS
MATH,141,Calculus I,4,QR,MATH 130,none,1500-1550,MWF,HSS,1605-1720,R,HSS
MATH,141,Calculus I,4,QR,MATH 130,none,1350-1440,MWF,HSS,1430-1545,R,HSS
MATH,141,Calculus I,4,QR,MATH 130,none,1350-1440,MWF,HSS,1430-1545,R,HSS
MATH,141,Calculus I,4,QR,MATH 130,none,1240-1330,MWF,MKB,1255-1410,R,HSS
MATH,141,Calculus I,4,QR,MATH 130,none,1240-1330,MWF,HSS,1255-1410,R,HSS
MATH,141,Calculus I,4,QR,MATH 130,none,1130-1220,MWF,TIC,1120-1235,R,HSS
MATH,141,Calculus I,4,QR,MATH 130,none,1130-1220,MWF,HSS,1120-1235,R,HSS
MATH,141,Calculus I,4,QR,MATH 130,none,1020-1110,MWF,HSS,1120-1235,R,BAS
MATH,141,Calculus I,4,QR,MATH 130,none,1020-1110,MWF,HSS,1120-1235,R,AYR
MATH,141,Calculus I,4,QR,MATH 130,none,0910-1000,MWF,HSS,0810-0925,R,HSS
MATH,141,Calculus I,4,QR,MATH 130,none,0800-0850,MWF,PER,0810-0925,R,PER
MATH,141,Calculus I,4,QR,MATH 130,none,1610-1700,MWF,PER,1605-1720,R,HSS
MATH,141,Calculus I,4,QR,MATH 130,none,1500-1550,MWF,PER,1430-1545,R,PER
MATH,141,Calculus I,4,QR,MATH 130,none,1350-1440,MWF,PER,1255-1410,R,PER
MATH,141,Calculus I,4,QR,MATH 130,none,1020-1110,MWF,PER,1255-1410,R,TIC
MATH,141,Calculus I,4,QR,MATH 130,none,1240-1330,MWF,AYR,1255-1410,R,AYR
MATH,141,Calculus I,4,QR,MATH 130,none,1130-1220,MWF,AYR,1120-1235,R,PER
MATH,147,Honors: Calculus I,4,QR,MATH 130,none,1240-1330,MWF,ZEC,0810-0925,R,ZEC
MATH,142,Calculus II,4,QR,MATH 141,none,0910-1000,MWF,PER,0810-0925,T,NEB
MATH,142,Calculus II,4,QR,MATH 141,none,0910-1000,MWF,JHB,0810-0925,T,PER
MATH,142,Calculus II,4,QR,MATH 141,none,0910-1000,MWF,PER,0810-0925,T,HSS
MATH,142,Calculus II,4,QR,MATH 141,none,1500-1550,MWF,PER,1605-1720,T,PER
MATH,142,Calculus II,4,QR,MATH 141,none,1500-1550,MWF,PHY,1605-1720,T,HSS
MATH,142,Calculus II,4,QR,MATH 141,none,1130-1220,MWF,MKB,1120-1235,T,PER
MATH,142,Calculus II,4,QR,MATH 141,none,1500-1550,MWF,HSS,1605-1720,T,HSS
MATH,142,Calculus II,4,QR,MATH 141,none,1350-1440,MWF,PER,1430-1545,T,MOS
MATH,142,Calculus II,4,QR,MATH 141,none,1350-1440,MWF,BEO,1430-1545,T,BAS
MATH,142,Calculus II,4,QR,MATH 141,none,1350-1440,MWF,WAB,1430-1545,T,PER
MATH,142,Calculus II,4,QR,MATH 141,none,1240-1330,MWF,PER,1255-1410,T,PER
MATH,142,Calculus II,4,QR,MATH 141,none,1240-1330,MWF,JHB,1255-1410,T,ZEC
MATH,142,Calculus II,4,QR,MATH 141,none,1020-1110,MWF,MKB,0945-1100,T,NEB
MATH,142,Calculus II,4,QR,MATH 141,none,1020-1110,MWF,LIB,0945-1100,T,PER
MATH,142,Calculus II,4,QR,MATH 141,none,1130-1220,MWF,MKB,1120-1235,T,NEB
MATH,142,Calculus II,4,QR,MATH 141,none,1350-1440,MWF,PER,1430-1545,T,PER
MATH,148,Honors: Calculus II,4,QR,MATH 147,none,1130-1220,MWF,HSS,0810-0925,T,AYR
MATH,251,Matrix Algebra I,3,none,MATH 142,none,1120-1235,TR,AYR,none,none,none
MATH,251,Matrix Algebra I,3,none,MATH 142,none,1020-1110,MWF,AYR,none,none,none
MATH,251,Matrix Algebra I,3,none,MATH 142,none,1130-1220,MWF,AYR,none,none,none
MATH,251,Matrix Algebra I,3,none,MATH 142,none,1240-1330,MWF,AYR,none,none,none
MATH,251,Matrix Algebra I,3,none,MATH 142,none,1350-1440,MWF,AYR,none,none,none
MATH,251,Matrix Algebra I,3,none,MATH 142,none,0945-1100,TR,AYR,none,none,none
MATH,251,Matrix Algebra I,3,none,MATH 142,none,1430-1545,TR,AYR,none,none,none
MATH,251,Matrix Algebra I,3,none,MATH 142,none,1255-1410,TR,AYR,none,none,none
COSC,230,Computer Organization,3,none,COSC 102,none,1120-1235,TR,MKB,none,none,none
COSC,202,Data Structures and Algorithms I,4,none,COSC 102,none,1255-1410,TR,DOU,0800-0850,W,MKB
COSC,202,Data Structures and Algorithms I,4,none,COSC 102,none,1255-1410,TR,DOU,0910-1000,W,MKB
COSC,202,Data Structures and Algorithms I,4,none,COSC 102,none,1255-1410,TR,DOU,1020-1110,W,MKB
COSC,202,Data Structures and Algorithms I,4,none,COSC 102,none,1255-1410,TR,DOU,1130-1220,W,MKB
COSC,202,Data Structures and Algorithms I,4,none,COSC 102,none,1255-1410,TR,DOU,1240-1330,W,MKB
COSC,202,Data Structures and Algorithms I,4,none,COSC 102,none,1255-1410,TR,DOU,1350-1440,W,MKB
COSC,302,Data Structures and Algorithms II,4,none,COSC 202,none,1120-1235,TR,SRF,0800-0850,W,MKB
COSC,302,Data Structures and Algorithms II,4,none,COSC 202,none,1120-1235,TR,SRF,0910-1000,W,MKB
COSC,302,Data Structures and Algorithms II,4,none,COSC 202,none,1120-1235,TR,SRF,1020-1110,W,MKB
COSC,302,Data Structures and Algorithms II,4,none,COSC 202,none,1120-1235,TR,SRF,1130-1220,W,MKB
COSC,302,Data Structures and Algorithms II,4,none,COSC 202,none,1120-1235,TR,SRF,1240-1330,W,MKB
COSC,302,Data Structures and Algorithms II,4,none,COSC 202,none,1120-1235,TR,SRF,1350-1440,W,MKB
COSC,307,Honors: Data Structures and Algorithms II,4,none,COSC 202,none,1120-1235,TR,SRF,0800-0850,W,MKB
COSC,307,Honors: Data Structures and Algorithms II,4,none,COSC 202,none,1120-1235,TR,SRF,0910-1000,W,MKB
COSC,307,Honors: Data Structures and Algorithms II,4,none,COSC 202,none,1120-1235,TR,SRF,1020-1110,W,MKB
COSC,307,Honors: Data Structures and Algorithms II,4,none,COSC 202,none,1120-1235,TR,SRF,1130-1220,W,MKB
COSC,307,Honors: Data Structures and Algorithms II,4,none,COSC 202,none,1120-1235,TR,SRF,1240-1330,W,MKB
COSC,307,Honors: Data Structures and Algorithms II,4,none,COSC 202,none,1120-1235,TR,SRF,1350-1440,W,MKB
COSC,311,Discrete Structures,3,none,COSC 202&MATH 142,none,1430-1545,TR,MKB,none,none,none
COSC,317,Honors: Discrete Structures,3,none,COSC 202&MATH 142,none,1430-1545,TR,MKB,none,none,none
ECE,313,Probability and Random Variables,3,none,MATH 142,none,0800-0850,MWF,MKB,none,none,none
ECE,317,Honors: Probability and Random Variables,3,none,MATH 142,none,0800-0850,MWF,MKB,none,none,none
COSC,312,Algorithm Analysis and Automata,3,none,COSC 311,none,0945-1100,TR,MKB,none,none,none
COSC,340,Software Engineering,3,none,COSC 302,none,0810-0925,TR,MKB,none,none,none
COSC,402,Senior Design Praticum,3,AOC,COSC 401&ENGL 102|ENGL 132|ENGL 290|ENGL298,none,1130-1220,MWF,MOS,none,none,none
ENGL,355,Rhetoric and Writing,3,WC,ENGL 102|ENGL 118|ENGL 132|ENGL 290|ENGL 298,none,0945-1100,TR,HSS,none,none,none
ENGL,355,Rhetoric and Writing,3,WC,ENGL 102|ENGL 118|ENGL 132|ENGL 290|ENGL 298,none,1130-1220,MWF,AYR,none,none,none
ENGL,355,Rhetoric and Writing,3,WC,ENGL 102|ENGL 118|ENGL 132|ENGL 290|ENGL 298,none,1120-1235,TR,HSS,none,none,none
ENGL,360,Technical and Professional Writing,3,WC,ENGL 102|ENGL 118|ENGL 132|ENGL 290|ENGL 298,none,0000-0000,MTWRF,none,none,none,none
ENGL,360,Technical and Professional Writing,3,WC,ENGL 102|ENGL 118|ENGL 132|ENGL 290|ENGL 298,none,0810-0925,TR,HSS,none,none,none
ENGL,360,Technical and Professional Writing,3,WC,ENGL 102|ENGL 118|ENGL 132|ENGL 290|ENGL 298,none,0945-1100,TR,HSS,none,none,none
ENGL,101,English Composition I,3,WC,none,none,0800-0850,MWF,HSS,none,none,none
ENGL,101,English Composition I,3,WC,none,none,0910-1000,MWF,MKB,none,none,none
ENGL,101,English Composition I,3,WC,none,none,0810-0925,TR,PER,none,none,none
ENGL,101,English Composition I,3,WC,none,none,0945-1100,TR,DOU,none,none,none
ENGL,101,English Composition I,3,WC,none,none,1020-1110,MWF,AYR,none,none,none
ENGL,101,English Composition I,3,WC,none,none,1130-1220,MWF,HSS,none,none,none
ENGL,101,English Composition I,3,WC,none,none,1120-1235,TR,STR,none,none,none
ENGL,101,English Composition I,3,WC,none,none,1255-1410,TR,BEC,none,none,none
ENGL,101,English Composition I,3,WC,none,none,1240-1330,MWF,HSS,none,none,none
ENGL,101,English Composition I,3,WC,none,none,1350-1440,MWF,JHB,none,none,none
ENGL,101,English Composition I,3,WC,none,none,1500-1550,MWF,APB,none,none,none
ENGL,101,English Composition I,3,WC,none,none,1430-1545,TR,MOS,none,none,none
ENGL,101,English Composition I,3,WC,none,none,1410-1700,MWF,HSS,none,none,none
ENGL,101,English Composition I,3,WC,none,none,1605-1720,TR,AYR,none,none,none
ENGL,102,English Composition II,3,WC,ENGL 101,none,0800-0850,MWF,HSS,none,none,none
ENGL,102,English Composition II,3,WC,ENGL 101,none,0910-1000,MWF,AYR,none,none,none
ENGL,102,English Composition II,3,WC,ENGL 101,none,0810-0925,TR,ZEC,none,none,none
ENGL,102,English Composition II,3,WC,ENGL 101,none,0945-1100,TR,HSS,none,none,none
ENGL,102,English Composition II,3,WC,ENGL 101,none,1020-1110,MWF,MKB,none,none,none
ENGL,102,English Composition II,3,WC,ENGL 101,none,1130-1220,MWF,DOU,none,none,none
ENGL,102,English Composition II,3,WC,ENGL 101,none,1120-1235,TR,HSS,none,none,none
ENGL,102,English Composition II,3,WC,ENGL 101,none,1255-1410,TR,BEC,none,none,none
ENGL,102,English Composition II,3,WC,ENGL 101,none,1240-1330,MWF,STR,none,none,none
ENGL,102,English Composition II,3,WC,ENGL 101,none,1350-1440,MWF,HSS,none,none,none
ENGL,102,English Composition II,3,WC,ENGL 101,none,1500-1550,MWF,JHB,none,none,none
ENGL,102,English Composition II,3,WC,ENGL 101,none,1430-1545,TR,HSS,none,none,none
ENGL,102,English Composition II,3,WC,ENGL 101,none,1410-1700,MWF,HSS,none,none,none
ENGL,102,English Composition II,3,WC,ENGL 101,none,1605-1720,TR,STR,none,none,none
EF,152,Physics for Engineers II,4,NS & EI,EF 151,MATH 142,0910-1000,MWF,ZEC,0810-0925,TR,ZEC
EF,152,Physics for Engineers II,4,NS & EI,EF 151,MATH 142,0910-1000,MWF,ZEC,0945-1100,TR,ZEC
EF,152,Physics for Engineers II,4,NS & EI,EF 151,MATH 142,0910-1000,MWF,ZEC,1120-1235,TR,ZEC
EF,152,Physics for Engineers II,4,NS & EI,EF 151,MATH 142,0910-1000,MWF,ZEC,1255-1410,TR,ZEC
EF,152,Physics for Engineers II,4,NS & EI,EF 151,MATH 142,0910-1000,MWF,ZEC,1430-1545,TR,ZEC
EF,152,Physics for Engineers II,4,NS & EI,EF 151,MATH 142,0910-1000,MWF,ZEC,0810-0925,TR,ZEC
EF,152,Physics for Engineers II,4,NS & EI,EF 151,MATH 142,0910-1000,MWF,ZEC,0810-0925,TR,ZEC
EF,152,Physics for Engineers II,4,NS & EI,EF 151,MATH 142,0910-1000,MWF,ZEC,0945-1100,TR,ZEC
EF,152,Physics for Engineers II,4,NS & EI,EF 151,MATH 142,1020-1110,MWF,ZEC,1120-1235,TR,ZEC
EF,152,Physics for Engineers II,4,NS & EI,EF 151,MATH 142,1020-1110,MWF,ZEC,1255-1410,TR,ZEC
EF,152,Physics for Engineers II,4,NS & EI,EF 151,MATH 142,1020-1110,MWF,ZEC,1430-1545,TR,ZEC
EF,152,Physics for Engineers II,4,NS & EI,EF 151,MATH 142,1020-1110,MWF,ZEC,0945-1100,TR,ZEC
EF,152,Physics for Engineers II,4,NS & EI,EF 151,MATH 142,1130-1220,MWF,ZEC,0945-1100,TR,ZEC
EF,152,Physics for Engineers II,4,NS & EI,EF 151,MATH 142,1130-1220,MWF,ZEC,1120-1235,TR,ZEC
EF,152,Physics for Engineers II,4,NS & EI,EF 151,MATH 142,1130-1220,MWF,ZEC,1255-1410,TR,ZEC
EF,152,Physics for Engineers II,4,NS & EI,EF 151,MATH 142,1130-1220,MWF,ZEC,1430-1545,TR,ZEC
EF,152,Physics for Engineers II,4,NS & EI,EF 151,MATH 142,1020-1110,MWF,ZEC,0810-0925,TR,ZEC
EF,152,Physics for Engineers II,4,NS & EI,EF 151,MATH 142,1020-1110,MWF,ZEC,1430-1545,TR,ZEC
EF,152,Physics for Engineers II,4,NS & EI,EF 151,MATH 142,1020-1110,MWF,ZEC,1120-1235,TR,ZEC
COSC,101,Introduction to Programming,3,none,none,none,1430-1545,TR,DOU,none,none,none
COSC,101,Introduction to Programming,3,none,none,none,1430-1545,TR,WAB,none,none,none
COSC,102,Introduction to Computer Science,4,none,COSC 101,MATH 141,0810-0925,TR,DOU,0800-0850,F,MKB
COSC,102,Introduction to Computer Science,4,none,COSC 101,MATH 141,0810-0925,TR,DOU,0910-1000,F,MKB
COSC,102,Introduction to Computer Science,4,none,COSC 101,MATH 141,0810-0925,TR,DOU,1020-1110,F,MKB
COSC,102,Introduction to Computer Science,4,none,COSC 101,MATH 141,0810-0925,TR,DOU,1130-1220,F,MKB
COSC,102,Introduction to Computer Science,4,none,COSC 101,MATH 141,0810-0925,TR,DOU,1240-1330,F,MKB
COSC,102,Introduction to Computer Science,4,none,COSC 101,MATH 141,1430-1545,TR,MKB,1130-1220,W,MKB
COSC,102,Introduction to Computer Science,4,none,COSC 101,MATH 141,1430-1545,TR,MKB,1240-1330,W,MKB
COSC,102,Introduction to Computer Science,4,none,COSC 101,MATH 141,1430-1545,TR,MKB,1350-1440,W,MKB
EF,151,Physics for Engineers I,4,EI & NS,none,EF 105 | COSC 101 | COSC 102 & MATH 141,0910-1000,MWF,ZEC,0810-0925,TR,ZEC
EF,151,Physics for Engineers I,4,EI & NS,none,EF 105 | COSC 101 | COSC 102 & MATH 141,0910-1000,MWF,ZEC,0945-1100,TR,ZEC
EF,151,Physics for Engineers I,4,EI & NS,none,EF 105 | COSC 101 | COSC 102 & MATH 141,0910-1000,MWF,ZEC,1120-1235,TR,ZEC
EF,151,Physics for Engineers I,4,EI & NS,none,EF 105 | COSC 101 | COSC 102 & MATH 141,0910-1000,MWF,ZEC,1255-1410,TR,ZEC
EF,151,Physics for Engineers I,4,EI & NS,none,EF 105 | COSC 101 | COSC 102 & MATH 141,0910-1000,MWF,ZEC,1430-1545,TR,ZEC
EF,151,Physics for Engineers I,4,EI & NS,none,EF 105 | COSC 101 | COSC 102 & MATH 141,0910-1000,MWF,ZEC,1605-1720,TR,ZEC
EF,151,Physics for Engineers I,4,EI & NS,none,EF 105 | COSC 101 | COSC 102 & MATH 141,1020-1110,MWF,ZEC,0810-0925,TR,ZEC
EF,151,Physics for Engineers I,4,EI & NS,none,EF 105 | COSC 101 | COSC 102 & MATH 141,1020-1110,MWF,ZEC,0945-1100,TR,ZEC
EF,151,Physics for Engineers I,4,EI & NS,none,EF 105 | COSC 101 | COSC 102 & MATH 141,1020-1110,MWF,ZEC,1120-1235,TR,ZEC
EF,151,Physics for Engineers I,4,EI & NS,none,EF 105 | COSC 101 | COSC 102 & MATH 141,1020-1110,MWF,ZEC,1255-1410,TR,ZEC
EF,151,Physics for Engineers I,4,EI & NS,none,EF 105 | COSC 101 | COSC 102 & MATH 141,1020-1110,MWF,ZEC,1430-1545,TR,ZEC
EF,151,Physics for Engineers I,4,EI & NS,none,EF 105 | COSC 101 | COSC 102 & MATH 141,1020-1110,MWF,ZEC,1605-1720,TR,ZEC
EF,151,Physics for Engineers I,4,EI & NS,none,EF 105 | COSC 101 | COSC 102 & MATH 141,1130-1220,MWF,ZEC,0810-0925,TR,ZEC
EF,151,Physics for Engineers I,4,EI & NS,none,EF 105 | COSC 101 | COSC 102 & MATH 141,1130-1220,MWF,ZEC,0945-1100,TR,ZEC
EF,151,Physics for Engineers I,4,EI & NS,none,EF 105 | COSC 101 | COSC 102 & MATH 141,1130-1220,MWF,ZEC,1120-1235,TR,ZEC
EF,151,Physics for Engineers I,4,EI & NS,none,EF 105 | COSC 101 | COSC 102 & MATH 141,1130-1220,MWF,ZEC,1430-1545,TR,ZEC
EF,151,Physics for Engineers I,4,EI & NS,none,EF 105 | COSC 101 | COSC 102 & MATH 141,1130-1220,MWF,ZEC,1605-1720,TR,ZEC
COSC,401,Senior Design Theory,2,OC,COSC 360,none,1130-1220,MWF,SRF,none,none,none
COSC,360,Systems Programming,4,none,COSC 302&COSC 230|ECE 256,none,1255-1410,TR,MKB,1130-1220,M,MKB
COSC,360,Systems Programming,4,none,COSC 302&COSC 230|ECE 256,none,1255-1410,TR,MKB,1240-1330,M,MKB
COSC,360,Systems Programming,4,none,COSC 302&COSC 230|ECE 256,none,1255-1410,TR,MKB,1350-1440,M,MKB
COSC,360,Systems Programming,4,none,COSC 302&COSC 230|ECE 256,none,1255-1410,TR,MKB,1500-1550,M,MKB
COSC,360,Systems Programming,4,none,COSC 302&COSC 230|ECE 256,none,1255-1410,TR,MKB,1610-1700,M,MKB
COSC,366,Introduction to Cybersecurity,3,none,COSC 302&COSC 230|ECE 256,none,0810-0925,TR,MKB,none,none,none
COSC,361,Operating Systems,3,none,COSC 360,none,0910-1000,MWF,MKB,none,none,none
COSC,365,Programming Languages and Systems,3,none,COSC 302,none,1350-1440,MWF,MKB,none,none,none
COSC,395,Junior Seminar,1,WC,COSC 302&ENGL 102|ENGL 132|ENGL 290|ENGL 298,none,1240-1330,W,MKB,none,none,none
EF,141,Introduction to Physics and Modeling for Engineers I,4,EI,none,MATH 131,1350-1440,MWF,ZEC,1120-1235,TR,ZEC
EF,141,Introduction to Physics and Modeling for Engineers I,4,EI,none,MATH 131,1350-1440,MWF,ZEC,1255-1410,TR,ZEC
EF,141,Introduction to Physics and Modeling for Engineers I,4,EI,none,MATH 131,1350-1440,MWF,ZEC,1430-1545,TR,ZEC
EF,141,Introduction to Physics and Modeling for Engineers I,4,EI,none,MATH 131,1350-1440,MWF,ZEC,1605-1720,TR,ZEC
EF,141,Introduction to Physics and Modeling for Engineers I,4,EI,none,MATH 131,1240-1330,MWF,ZEC,1120-1235,TR,ZEC
EF,141,Introduction to Physics and Modeling for Engineers I,4,EI,none,MATH 131,1240-1330,MWF,ZEC,1255-1410,TR,ZEC
EF,141,Introduction to Physics and Modeling for Engineers I,4,EI,none,MATH 131,1240-1330,MWF,ZEC,1430-1545,TR,ZEC
EF,141,Introduction to Physics and Modeling for Engineers I,4,EI,none,MATH 131,1240-1330,MWF,ZEC,1605-1720,TR,ZEC
EF,141,Introduction to Physics and Modeling for Engineers I,4,EI,none,MATH 131,1130-1220,MWF,ZEC,0945-1100,TR,ZEC
EF,157,Honors: Physics for Engineers I,4,EI & NS,none,EF 105 | COSC 101 | COSC 102 & MATH 141,0910-1000,MWF,ZEC,0945-1100,TR,ZEC
EF,157,Honors: Physics for Engineers I,4,EI & NS,none,EF 105 | COSC 101 | COSC 102 & MATH 141,1020-1110,MWF,ZEC,0945-1100,TR,ZEC
EF,157,Honors: Physics for Engineers I,4,EI & NS,none,EF 105 | COSC 101 | COSC 102 & MATH 141,1130-1220,MWF,ZEC,0945-1100,TR,ZEC
EF,157,Honors: Physics for Engineers I,4,EI & NS,none,EF 105 | COSC 101 | COSC 102 & MATH 141,0910-1000,MWF,ZEC,1120-1235,TR,ZEC
EF,157,Honors: Physics for Engineers I,4,EI & NS,none,EF 105 | COSC 101 | COSC 102 & MATH 141,1020-1110,MWF,ZEC,1120-1235,TR,ZEC
EF,157,Honors: Physics for Engineers I,4,EI & NS,none,EF 105 | COSC 101 | COSC 102 & MATH 141,1130-1220,MWF,ZEC,1120-1235,TR,ZEC
EF,157,Honors: Physics for Engineers I,4,EI & NS,none,EF 105 | COSC 101 | COSC 102 & MATH 141,0910-1000,MWF,ZEC,1255-1410,TR,ZEC
EF,157,Honors: Physics for Engineers I,4,EI & NS,none,EF 105 | COSC 101 | COSC 102 & MATH 141,1020-1110,MWF,ZEC,1255-1410,TR,ZEC
EF,157,Honors: Physics for Engineers I,4,EI & NS,none,EF 105 | COSC 101 | COSC 102 & MATH 141,1130-1220,MWF,ZEC,1255-1410,TR,ZEC
EF,157,Honors: Physics for Engineers I,4,EI & NS,none,EF 105 | COSC 101 | COSC 102 & MATH 141,0910-1000,MWF,ZEC,1430-1545,TR,ZEC
EF,157,Honors: Physics for Engineers I,4,EI & NS,none,EF 105 | COSC 101 | COSC 102 & MATH 141,1020-1110,MWF,ZEC,1430-1545,TR,ZEC
EF,157,Honors: Physics for Engineers I,4,EI & NS,none,EF 105 | COSC 101 | COSC 102 & MATH 141,1130-1220,MWF,ZEC,1430-1545,TR,ZEC
EF,157,Honors: Physics for Engineers I,4,EI & NS,none,EF 105 | COSC 101 | COSC 102 & MATH 141,0910-1000,MWF,ZEC,1605-1720,TR,ZEC
EF,157,Honors: Physics for Engineers I,4,EI & NS,none,EF 105 | COSC 101 | COSC 102 & MATH 141,1020-1110,MWF,ZEC,1605-1720,TR,ZEC
EF,157,Honors: Physics for Engineers I,4,EI & NS,none,EF 105 | COSC 101 | COSC 102 & MATH 141,1130-1220,MWF,ZEC,1605-1720,TR,ZEC
EF,142,Introduction to Physics and Modeling for Engineers II,4,EI,MATH 131&EF 141,MATH 132,1130-1220,MWF,ZEC,0945-1100,TR,ZEC
EF,142,Introduction to Physics and Modeling for Engineers II,4,EI,MATH 131&EF 141,MATH 132,1130-1220,MWF,ZEC,1120-1235,TR,ZEC
EF,142,Introduction to Physics and Modeling for Engineers II,4,EI,MATH 131&EF 141,MATH 132,1130-1220,MWF,ZEC,1255-1410,TR,ZEC
EF,142,Introduction to Physics and Modeling for Engineers II,4,EI,MATH 131&EF 141,MATH 132,1130-1220,MWF,ZEC,1430-1545,TR,ZEC
EF,142,Introduction to Physics and Modeling for Engineers II,4,EI,MATH 131&EF 141,MATH 132,1240-1330,MWF,ZEC,0945-1100,TR,ZEC
EF,142,Introduction to Physics and Modeling for Engineers II,4,EI,MATH 131&EF 141,MATH 132,1240-1330,MWF,ZEC,1120-1235,TR,ZEC
EF,142,Introduction to Physics and Modeling for Engineers II,4,EI,MATH 131&EF 141,MATH 132,1240-1330,MWF,ZEC,1255-1410,TR,ZEC
EF,158,Honors: Physics for Engineers II,4,EI & NS,EF 157,MATH 142,0910-1000,MWF,ZEC,0945-1100,TR,ZEC
EF,158,Honors: Physics for Engineers II,4,EI & NS,EF 157,MATH 142,1020-1110,MWF,ZEC,0945-1100,TR,ZEC
EF,158,Honors: Physics for Engineers II,4,EI & NS,EF 157,MATH 142,0910-1000,MWF,ZEC,1120-1235,TR,ZEC
EF,158,Honors: Physics for Engineers II,4,EI & NS,EF 157,MATH 142,1020-1110,MWF,ZEC,1120-1235,TR,ZEC
EF,158,Honors: Physics for Engineers II,4,EI & NS,EF 157,MATH 142,0910-1000,MWF,ZEC,1255-1410,TR,ZEC
EF,158,Honors: Physics for Engineers II,4,EI & NS,EF 157,MATH 142,1020-1110,MWF,ZEC,1255-1410,TR,ZEC
EF,158,Honors: Physics for Engineers II,4,EI & NS,EF 157,MATH 142,1130-1220,MWF,ZEC,0945-1100,TR,ZEC
EF,158,Honors: Physics for Engineers II,4,EI & NS,EF 157,MATH 142,1130-1220,MWF,ZEC,1120-1235,TR,ZEC
EF,158,Honors: Physics for Engineers II,4,EI & NS,EF 157,MATH 142,1130-1220,MWF,ZEC,1255-1410,TR,ZEC
EF,158,Honors: Physics for Engineers II,4,EI & NS,EF 157,MATH 142,0910-1000,MWF,ZEC,1430-1545,TR,ZEC
EF,158,Honors: Physics for Engineers II,4,EI & NS,EF 157,MATH 142,1020-1110,MWF,ZEC,1430-1545,TR,ZEC
EF,158,Honors: Physics for Engineers II,4,EI & NS,EF 157,MATH 142,1130-1220,MWF,ZEC,1430-1545,TR,ZEC
VC NS,101,Natural Science Elective,3,none,none,none,0800-0850,MWF,STR,none,none,none
VC NS,101,Natural Science Elective,3,none,none,none,0910-1000,MWF,STR,none,none,none
VC NS,101,Natural Science Elective,3,none,none,none,1020-1110,MWF,STR,none,none,none
VC NS,101,Natural Science Elective,3,none,none,none,1130-1220,MWF,STR,none,none,none
VC NS,101,Natural Science Elective,3,none,none,none,1240-1330,MWF,STR,none,none,none
VC NS,101,Natural Science Elective,3,none,none,none,1350-1440,MWF,STR,none,none,none
VC NS,101,Natural Science Elective,3,none,none,none,1500-1540,MWF,STR,none,none,none
VC GCUS,101,Global Citizenship United States Elective,3,none,none,none,0800-0850,MWF,HSS,none,none,none
VC GCUS,101,Global Citizenship United States Elective,3,none,none,none,0910-1000,MWF,HSS,none,none,none
VC GCUS,101,Global Citizenship United States Elective,3,none,none,none,1020-1110,MWF,HSS,none,none,none
VC GCUS,101,Global Citizenship United States Elective,3,none,none,none,1130-1220,MWF,HSS,none,none,none
VC GCUS,101,Global Citizenship United States Elective,3,none,none,none,1240-1330,MWF,HSS,none,none,none
VC GCUS,101,Global Citizenship United States Elective,3,none,none,none,1350-1440,MWF,HSS,none,none,none
VC GCUS,101,Global Citizenship United States Elective,3,none,none,none,1500-1540,MWF,HSS,none,none,none
VC GCI,101,Global Citizenship International Elective,3,none,none,none,0800-0850,MWF,LIB,none,none,none
VC GCI,101,Global Citizenship International Elective,3,none,none,none,0910-1000,MWF,LIB,none,none,none
VC GCI,101,Global Citizenship International Elective,3,none,none,none,1020-1110,MWF,LIB,none,none,none
VC GCI,101,Global Citizenship International Elective,3,none,none,none,1130-1220,MWF,LIB,none,none,none
VC GCI,101,Global Citizenship International Elective,3,none,none,none,1240-1330,MWF,LIB,none,none,none
VC GCI,101,Global Citizenship International Elective,3,none,none,none,1350-1440,MWF,LIB,none,none,none
VC GCI,101,Global Citizenship International Elective,3,none,none,none,1500-1540,MWF,LIB,none,none,none
VC AH,101,Applied Arts and Humanities Elective,3,none,none,none,0800-0850,MWF,HSS,none,none,none
VC AH,101,Applied Arts and Humanities Elective,3,none,none,none,0910-1000,MWF,HSS,none,none,none
VC AH,101,Applied Arts and Humanities Elective,3,none,none,none,1020-1110,MWF,HSS,none,none,none
VC AH,101,Applied Arts and Humanities Elective,3,none,none,none,1130-1220,MWF,HSS,none,none,none
VC AH,101,Applied Arts and Humanities Elective,3,none,none,none,1240-1330,MWF,HSS,none,none,none
VC AH,101,Applied Arts and Humanities Elective,3,none,none,none,1350-1440,MWF,HSS,none,none,none
VC AH,101,Applied Arts and Humanities Elective,3,none,none,none,1500-1540,MWF,HSS,none,none,none
VC SS,101,Social Sciences Elective,3,none,none,none,0800-0850,MWF,ABP,none,none,none
VC SS,101,Social Sciences Elective,3,none,none,none,0910-1000,MWF,ABP,none,none,none
VC SS,101,Social Sciences Elective,3,none,none,none,1020-1110,MWF,ABP,none,none,none
VC SS,101,Social Sciences Elective,3,none,none,none,1130-1220,MWF,ABP,none,none,none
VC SS,101,Social Sciences Elective,3,none,none,none,1350-1440,MWF,ABP,none,none,none
VC SS,101,Social Sciences Elective,3,none,none,none,1500-1540,MWF,ABP,none,none,none
VC EI,101,Engaged Inquiries Elective,3,none,none,none,0800-0850,MWF,WAB,none,none,none
VC EI,101,Engaged Inquiries Elective,3,none,none,none,0910-1000,MWF,WAB,none,none,none
VC EI,101,Engaged Inquiries Elective,3,none,none,none,1020-1110,MWF,WAB,none,none,none
VC EI,101,Engaged Inquiries Elective,3,none,none,none,1130-1220,MWF,WAB,none,none,none
VC EI,101,Engaged Inquiries Elective,3,none,none,none,1350-1440,MWF,WAB,none,none,none
VC EI,101,Engaged Inquiries Elective,3,none,none,none,1500-1540,MWF,WAB,none,none,none
VC EP,101,Expanded Perspectives Elective,3,none,none,none,1020-1110,MWF,WAB,none,none,none
COSC,361,Operating Systems,3,none,COSC 360,none,1020-1110,MWF,MKB,none,none,none
COSC,366,Introduction to Cybersecurity,3,none,COSC 302|COSC307&COSC 230,none,0810-0925,TR,MKB,none,none,none
COSC,425,Introduction to Machine Learning,3,none,ECE 313&MATH 251,none,1255-1410,TR,MKB,none,none,none
COSC,445,Fundamentals of Digital Archaeology,3,none,COSC 340|ECE 313,none,1605-1720,TR,MKB,none,none,none
COSC,461,Introduction to Compilers,3,none,COSC 302|COSC 307,none,1430-1545,TR,MKB,none,none,none
COSC,462,Parallel Programming,3,none,COSC 360|COSC 367,none,1740-1855,TR,MKB,none,none,none
COSC,469,Human Factors in Cybersecurity,3,none,COSC 366,none,1255-1410,TR,MKB,none,none,none
COSC,471,Numerical Analysis,3,none,MATH 251,none,1255-1410,TR,AYR,none,none,none
COSC,483,Applied Cryptography,3,none,COSC 311|COSC 317,none,1430-1545,TR,MKB,none,none,none
COSC,365,Programming Languages and Systems,3,none,COSC 302,none,1350-1440,MWF,MKB,none,none,none
COSC,420,Biologically-Inspired Computation,3,none,COSC 360,none,1430-1545,TR,MKB,none,none,none
COSC,424,Introduction to Deep Learning,3,none,COSC 302&MATH 251,none,0800-0850,MWF,MKB,none,none,none
COSC,426,Introduction to Data Mining and Analytics,3,none,COSC 302&MATH 251&ECE 313,none,1500-1550,MWF,MKB,none,none,none
COSC,434,Network Security,3,none,COSC 366,none,0910-1000,MWF,MKB,none,none,none
COSC,452,Computer Graphics,3,none,COSC 302,none,1120-1235,TR,MKB,none,none,none
COSC,466,Software Security,3,none,COSC 366,none,1350-1440,MWF,MKB,none,none,none
COSC,472,Numerical Algebra,3,none,COSC 471,none,1255-1410,TR,AYR,none,none,none